Pseudonym,Phone Hash 1,Phone Hash 2,Personal Info Hash,Email Hash
wigginstiffany,c84606a5b03cd4cf2433f3f402b2c93573e11833694e9e44e16a113c49af90c4,1c9fb5bbd8c7439fe33ef8790145e50839072ec6e41bdf6fb9ce1f9f63df6921,040c9e0f8c7c9245f33efb3f453ebd2dbe5ce6dfba3e13c6c6ae459607def626,48f30e65f3ed0ffe85a381c0d89c6e4646bdf9f12dce286c3353a1b04ae28e53
logan38,22193f28cdf0814082e8df6a119c4e6511337f6d51405517edf0c0446cfa415b,2e6a903ef86d90e844cf6f303e66fa56dad3f6c64d480e4e983fdc0ee6d32c9f,2457d0b748cdf24be9919a262138e47ebd8e74ace317f7722c56e7f446b97736,3560689b3696a7d1466e60c48cccd11fb59b7e31c5b786421dcba71ddf0887e5
janeturner,4227b175c215605569a667901c346f54349f3e25f9bd15fe7fd4b8ba2de2ea02,d89638fb132fa11b309251434c9710047ecad9d8c41003ff3d0aadd1a2e14218,2cdb9b614fdff482a914c3092ce8b8a06542243ff6f61ca06e4a0a0af88942d4,5419086cb2ab942851ac784302f1805a4ee3d338554e8771f8edcc22623979df
jackiekramer,a3bcb4fcfe57065137223e7ec27ce38057c7df3140bdd508f9dc5515eab89253,c551a4fb83735dc56c8c6222b895ecbad196f004fd775942346c24c4fb721234,5e36e023c994be36f9f6cd1f77ed03582f44f8290b545cdc4c33d0164736a0ec,2026ffb47b7584915963207c846bd862ca9ac11180e22660bd3485e7deba94f2
rmartin,4f91a199af6ef15d3edbc56bddd9c4d6a2d42812eaaaf86f961ba38a5aac9d9c,82b4adc3f5ad5f2174552892d35da9b4c1a07227b1345d8b1dc5681e3c2d01d0,822ae1a0ad29df11fb4e8bca11a32e8727f0da4db126e7fb9e71626b550e81d3,090285b9733b62d6a6eb0e2ba0d42182a277825244cf056e52ed42bec6b80ae4
megan98,5e6987308f89b009e8be7308178ea0e5490f80ebc8d8a48ddba7fccf6eacc7bc,ccfd5ecd0d49c9b6536e7fb287f03be4288e5c2164c86a21e0b5fb2612e2e209,b6e67bf6b5e1df6ce1abd3cb38f68051ade7f3f66e20093533c560ff009b0eea,0ef2bccc4300dfa693375c9f4fdbff923b71faf0df8ca37b26f662a00dbcb12e
ana88,894f68b1ae6b08a73cff298399f2f9ff11157671ea4b2254876a89abc817c76b,6c3c2cfb8cf4a903ab0d01872fb527e47f02bc7e742db72f614baa9b68ab9619,efc64bdbf086fe49951e79f6209a9af6865208866e8a07d2b6f1c5cb76f0279f,9c19c6e0ca0a36f3f3bc1e6fa38ae2b7709bcce79c2bfe73d508ad43ecb44ca2
gutierrezjason,54ffefdb1a582ba5c93cc8be7322006fc898c4991a71ab9d1131d18addbd6b46,671ba1fbdc733b05c765edaf1f21b2cc39066ddf967f60ec5095b14d3b485e10,0f25a439d18b5a76b9de5b3ddbf13c4694741e44e0e3757aea51db77e40bb40f,67cf7bc17876c6b88d212e67459f71e70c518565c0b0b63f405aaed6890cbbc4
stevensonchristina,62f447d313993697859a27c11feb4d9fb2e485c78b397b62fb64278b5d7bc470,a5aa32d687b590d6228098975c4602ce6c0639763cfb44e13946ea85a4514ed6,85710f1d1fd5285d2256028f047deba6acf8e9611a18fb162b3ccb3ea06d7a0a,2dfdf92756e15d4ea4cac18b3a6e14eb2e8e3152c530cb3943a8bfc57927f1da
rubendorsey,b7404d6e39bdb0431ca8415c8d4338b7105b5d9f7b095012d0fe9001d6a452df,1f70800c3d8eb0abeeacc7e218ccc644d471213ab9145b2a27ed5693f4a3b02d,48e190ebbd169e4d5dd65f49300a5bb34d12ddb1d48b926f4b323c2068c3f433,88c7f009b82f4f4d3e43f23c1d39517914c2fe9a237e1f815ea4067296915a24
